train_CE,valid_CE
10.138825801702646,11.193640287105854
